<?xml version="1.0"?>
<preset>

<description/>

<settings>
<intro>&lt;div class="container-fluid no-overflow" style="display: flex; align-items: center; margin-left: 0; margin-right: 0; padding-left: 0; padding-right: 0;"&gt;
    &lt;div class="row no-overflow" style="margin-left: 0; margin-right: 0;"&gt;
        &lt;div class="col-md-2 no-overflow" style="display: flex; align-items: center; justify-content: center;"&gt;
            &lt;img src="@@PLUGINFILE@@/padleticon.jpg" width="48" height="48" alt="Icon" class="rounded-lg"&gt;
        &lt;/div&gt;
        &lt;div class="col-md-10 custom-padding no-overflow" style="display: flex; flex-direction: column; justify-content: center; height: 100%;"&gt;
            &lt;small&gt;Module 1&lt;/small&gt;
            &lt;h2&gt;
                23/24 One opening idea I have about professional identity is...
            &lt;/h2&gt;
            &lt;p&gt;
                Hello {firstname}. Use this padlet board to post one idea that you have about professional identity. For example, it may be an idea that you have about your own identity or how identity is formed in your profession, or even how you feel about developing your identity as an educator. Please add your name to the post so that you can gain credit for this flipped classroom activity. (Please feel free to add images, photos, or recordings too!)
            &lt;/p&gt;
        &lt;/div&gt;
    &lt;/div&gt;
&lt;/div&gt;</intro>
<comments>1</comments>
<requiredentries>0</requiredentries>
<requiredentriestoview>0</requiredentriestoview>
<maxentries>0</maxentries>
<rssarticles>0</rssarticles>
<approval>1</approval>
<manageapproved>1</manageapproved>
<defaultsortdir>0</defaultsortdir>
<defaultsort>0</defaultsort>
</settings>

<field>
<type>text</type>
<name>card_title</name>
<description>Title</description>
<required>1</required>
</field>

<field>
<type>textarea</type>
<name>card_content</name>
<description>Content</description>
<required>1</required>
<param2>80</param2>
<param3>15</param3>
<param4>1</param4>
<param5>0</param5>
</field>

<field>
<type>menu</type>
<name>card_type</name>
<description>Colour</description>
<required>0</required>
<param1>Pink
Green
Lavender
Blue
Coral
Red
Yellow</param1>
</field>

</preset>
