<?xml version="1.0"?>
<preset>

<description/>

<settings>
<intro>&lt;div class="container-fluid no-overflow" style="display: flex; align-items: center; margin-left: 0; margin-right: 0; padding-left: 0; padding-right: 0;"&gt;
    &lt;div class="row no-overflow" style="margin-left: 0; margin-right: 0;"&gt;
        &lt;div class="col-md-2 no-overflow" style="display: flex; align-items: center; justify-content: center;"&gt;
            &lt;img src="@@PLUGINFILE@@/thumb_gradientlandscape.jpg" alt="Icon" width="150" height="1132" class="img-fluid atto_image_button_text-bottom"&gt;
        &lt;/div&gt;
        &lt;div class="col-md-10 custom-padding no-overflow" style="display: flex; flex-direction: column; justify-content: center; height: 100%;"&gt;
            &lt;small&gt;Module 1&lt;/small&gt;
            &lt;h2&gt;
                Welcome to the Finterest board&lt;/h2&gt;
            &lt;p&gt;
                Hello {firstname}. Use this Pinterest-style board to display a photo which has meaning in your life.&lt;/p&gt;
        &lt;/div&gt;
    &lt;/div&gt;
&lt;/div&gt;</intro>
<comments>1</comments>
<requiredentries>0</requiredentries>
<requiredentriestoview>0</requiredentriestoview>
<maxentries>0</maxentries>
<rssarticles>0</rssarticles>
<approval>1</approval>
<manageapproved>1</manageapproved>
<defaultsortdir>0</defaultsortdir>
<defaultsort>0</defaultsort>
</settings>

<field>
<type>text</type>
<name>card_title</name>
<description>Title</description>
<required>1</required>
</field>

<field>
<type>textarea</type>
<name>card_content</name>
<description>Content</description>
<required>1</required>
<param2>80</param2>
<param3>20</param3>
<param4>1</param4>
<param5>0</param5>
</field>

<field>
<type>picture</type>
<name>Image</name>
<description>Image upload</description>
<required>1</required>
<param3>0</param3>
</field>

</preset>
